{"ai_score": 0.3433333333333333, "human_score": 0.17333333333333334}