{"ai_score": 0.43333333333333335, "human_score": 0.2833333333333333}