{"ai_score": 0.4866666666666667, "human_score": 0.5166666666666667}