{"ai_score": 0.6766666666666666, "human_score": 0.45666666666666667}