{"ai_score": 0.2833333333333333, "human_score": 0.27666666666666667}