{"ai_score": 0.4766666666666667, "human_score": 0.4166666666666667}