{"ai_score": 0.5066666666666667, "human_score": 0.6366666666666667}