{"ai_score": 0.44333333333333336, "human_score": 0.4666666666666667}