{"ai_score": 0.5466666666666666, "human_score": 0.5166666666666667}