{"ai_score": 0.5433333333333333, "human_score": 0.5133333333333333}