{"ai_score": 0.043333333333333335, "human_score": 0.08666666666666667}