{"ai_score": 0.6433333333333333, "human_score": 0.8633333333333333}