{"ai_score": 0.15333333333333332, "human_score": 0.21666666666666667}