{"ai_score": 0.7366666666666667, "human_score": 0.44666666666666666}