{"ai_score": 0.31333333333333335, "human_score": 0.4266666666666667}