{"ai_score": 0.7633333333333333, "human_score": 0.4866666666666667}