{"ai_score": 0.11333333333333333, "human_score": 0.04666666666666667}