{"ai_score": 0.5433333333333333, "human_score": 0.43666666666666665}