{"ai_score": 0.013333333333333334, "human_score": 0.4066666666666667}