{"ai_score": 0.006666666666666667, "human_score": 0.4533333333333333}