{"ai_score": 0.006666666666666667, "human_score": 0.48333333333333334}