{"ai_score": 0.006666666666666667, "human_score": 0.5033333333333333}