{"ai_score": 0.016666666666666666, "human_score": 0.08333333333333333}