{"ai_score": 0.24333333333333335, "human_score": 0.2733333333333333}