{"ai_score": 0.36666666666666664, "human_score": 0.39666666666666667}