{"ai_score": 0.5766666666666667, "human_score": 0.49666666666666665}