{"ai_score": 0.08666666666666667, "human_score": 0.13333333333333333}