{"ai_score": 0.016666666666666666, "human_score": 0.17333333333333334}