{"ai_score": 0.5633333333333334, "human_score": 0.7466666666666667}