{"ai_score": 0.6566666666666666, "human_score": 0.8733333333333333}