{"ai_score": 0.5066666666666667, "human_score": 0.5733333333333334}