{"ai_score": 0.056666666666666664, "human_score": 0.12333333333333334}