{"ai_score": 0.36666666666666664, "human_score": 0.5266666666666666}