{"ai_score": 0.31333333333333335, "human_score": 0.49333333333333335}