{"ai_score": 0.5733333333333334, "human_score": 0.4666666666666667}