{"ai_score": 0.5833333333333334, "human_score": 0.5133333333333333}