{"ai_score": 0.4066666666666667, "human_score": 0.31666666666666665}