{"ai_score": 0.24333333333333335, "human_score": 0.17666666666666667}